{

  "Points" : {
    "Trottier": [-73.579006, 45.507418],
    "McConnell": [-73.57643, 45.50614],
    "Arts Building": [-73.57764, 45.50523],
    "Mclennan Library": [ -73.57589, 45.50326],
    "Bronfman": [-73.57643, 45.50249],
    "Mclntyre": [-73.58252, 45.50304],
    "SSMU": [-73.57817, 45.50353],

    "p1": [-73.57886999845503, 45.50759881612314],
    "p2": [-73.57645332813262, 45.50640517402293],
    "p3": [-73.57660353183746, 45.50624539323829],
    "p4": [-73.57715338468552, 45.50615140432961]
  },

  "Edges" : {
    "Trottier": ["p1"],
    "p1": ["Trottier","p2"],
    "p2": ["p1", "p3"],
    "p3": ["p2", "McConnell"]

  }

}
