{

  "Points" : {
    "Trottier": [-73.579006, 45.507418],
    "McConnell": [-73.57643, 45.50614],
    "Arts Building": [-73.57764, 45.50523],
    "Mclennan Library": [ -73.57589, 45.50326],
    "Bronfman": [-73.57643, 45.50249],
    "SSMU": [-73.57817, 45.50353],

    "p1": [-73.57886999845503, 45.50759881612314],
    "p2": [-73.57645332813262, 45.50640517402293],
    "p3": [-73.57660353183746, 45.50624539323829],
    "p4": [-73.57914626598358, 45.507164596492906],
    "p5": [-73.57715338468552, 45.50615140432961],
    "p6": [-73.57681810855865, 45.50600290153401],
    "p7": [-73.5774591565132, 45.50582432170404],
    "p8": [-73.57709705829619, 45.50556115039571],
    "p9": [-73.5774564743042, 45.50517954981326],
    "p10": [-73.57799023389816, 45.50454792937198],
    "p11": [          -73.57730627059937,
          45.50421143820787],
    "p12": [          -73.5764479637146,
          45.504677637719396],
    "p13": [          -73.57708096504211,
          45.50448965450992],
    "p14": [          -73.5747018456459,
          45.5037640334334],
    "p15": [          -73.57614487409592,
          45.50230712349802],
    "p16": [          -73.57732504606247,
          45.50407608923945],
    "p17": [          -73.57615560293198,
          45.503532810244565],
    "p18": [          -73.57658475637436,
          45.50308352019468],
    "p19": [          -73.57577741146088,
          45.50266994459447],
    "p20": [          -73.57794731855392,
          45.503758393854724]

  },

  "Edges" : {
    "Trottier": ["p1", "p4"],
    "McConnell": ["p3"],
    "Arts Building": ["p9"],
    "Bronfman": ["p15"],
    "Mclennan Library": ["p17"],
    "SSMU":["p20"],
    "p1": ["Trottier","p2"],
    "p2": ["p1", "p3", "p6"],
    "p3": ["p2", "McConnell"],
    "p4": ["Trottier", "p5"],
    "p5": ["p4", "p6", "p7"],
    "p6": ["p5", "p3"],
    "p7": ["p5", "p8"],
    "p8": ["p7", "p9"],
    "p9": ["p8", "Arts Building", "p10"],
    "p10": ["p9", "p11"],
    "p11":["p10","p13", "p16"],
    "p12": ["p9", "p13", "p14"],
    "p13": ["p11", "p12"],
    "p14": ["p12", "p19"],
    "p15": ["p19", "Bronfman"],
    "p16": ["p11", "p17"],
    "p17": ["p16", "Mclennan Library", "p18"],
    "p18": ["p17", "p19", "p20"],
    "p19": ["p14", "p15", "p18"],
    "p20": ["p18", "SSMU"]

  }

}
